data_loss_step,epoch,step,train_loss_step
0.33387288451194763,0,49,0.33387288451194763
0.27892303466796875,0,99,0.27892303466796875
0.1548401415348053,0,149,0.1548401415348053
0.03212025389075279,0,199,0.03212025389075279
